district,block,clf_id,clf_name,partner_organization,project_title
Bajali,Bajali,,PANCHAMI CLF,,
Bajali,Bajali,,UJJAYANI CLF,,
Bajali,Bajali,,UTTAR BAJALI CLF,,
Bajali,Bhawanipur,,JUGANTAR CLF,,
Bajali,Bhawanipur,,SARODI CLF,,
Bajali,Bhawanipur,,SHAKTI CLF,,
Bajali,Bhawanipur,,SIDDHANTA CLF,,
Bajali,Bhawanipur,,SHRISTI CLF,,
Bajali,Bhawanipur,,TULSI CLF,,
Baksa,Barama,,KANAKLATA CLF,,
Baksa,Barama,,NIRBHAYA CLF,,
Baksa,Baska,,ADARSHA CLF,,
Baksa,Baska,,KUHI CLF,,
Baksa,Baska,,PAHI CLUSTER LEVEL FEDERATION,,
Baksa,Baska,,SUNLIGHT CLF,,
Baksa,Dhamdhama,,MONDAKINI CLF,,
Baksa,Dhamdhama,,PRAGJYOTISH CLF,,
Baksa,Gobardhana,,JAGARAN CLF,,
Baksa,Gobardhana,,MANAS KANYA CLF,,
Baksa,Gobardhana,,MILON BHUMI CLF,,
Baksa,Gobardhana,,SATI JOYMOTI CLF,,
Baksa,Jalah,,AKASH C L F,,
Baksa,Jalah,,INDIRA CLF,,
Baksa,Jalah,,MANAS CLF,,
Baksa,Jalah,,PUBERUN CLUSTER LEVEL FEDERATION,,
Barpeta,Chakchaka,,INDIRA CLF,,
Barpeta,Chakchaka,,SINAKI CLF,,
Barpeta,Chenga,,AGRAGAMI CLF,,
Barpeta,Chenga,,AROHON CLF,,
Barpeta,Chenga,,PRERNA CLUSTER LEVEL FEDERATION,,
Barpeta,Chenga,,RAMDHENU CLUSTER LEVEL FEDERATION,,
Barpeta,Ghilajhari-Rupsi,,AGRAGAMI CLF,,
Barpeta,Ghilajhari-Rupsi,,NIYOR CLF,,
Barpeta,Ghilajhari-Rupsi,,TRIBENI NARI BIKASH MANCHA,,
Barpeta,Gomaphulbari,,KHOLABANDHA LUITPARIA CLF,,
Barpeta,Gomaphulbari,,PD SAMAJ KALYAN CLF,,
Barpeta,Gomaphulbari,,SONPAHI CLF,,
Barpeta,Kalgachia,,AASTHA CLUSTER LEVEL FEDERATION,,
Barpeta,Kalgachia,,ARMAN CLF,,
Barpeta,Kalgachia,,WOMEN KIND CLF,,
Barpeta,Kalgachia,,RUPSHI WOMENS FORUM CLF KALGACHIA,,
Barpeta,Mandia,,AGRAGATI CLF,,
Barpeta,Mandia,,BHELENGI CLUSTER LEVEL FEDERATION,,
Barpeta,Mandia,,JEUTY CLF,,
Barpeta,Mandia,,MAHAMILON CLUSTER LEVEL FEDERATION,,
Barpeta,Mandia,,TRIBENI CLF,,
Barpeta,Pakabetbari,,BASUNDHARA CLUSTER LEVEL FEDERATION,,
Barpeta,Pakabetbari,,GANGA CLUSTER LEVEL FEDERATION,,
Barpeta,Pakabetbari,,KANAKLATA CLUSTER LEVEL FEDERATION,,
Barpeta,Pakabetbari,,URMIMALA CLUSTER LEVEL FEDERATION,,
Barpeta,Sarukhetri,,AABHA CLF,,
Barpeta,Sarukhetri,,TRIDEVI CLF SARUKHETRI DEV BLOCK,,
Biswanath,Baghmara,,NABAJAGARAN CLF BAGHMARA DEV BLOCK,,
Biswanath,Baghmara,,SAMANAYA,,
Biswanath,Behali,,KANAKLATA CLF,,
Biswanath,Behali,,SURYADOI CLF,,
Biswanath,Biswanath,,AABIR AKASH CLF,,
Biswanath,Biswanath,,RANGDHALI CLUSTER LEVEL FEDARATION,,
Biswanath,Biswanath,,SATBHANI CLF,,
Biswanath,Biswanath,,TEJASWINI CLF,,
Biswanath,Chaiduar,,BUROI CLF CO-OPERATIVE SOCIETY LTD,,
Biswanath,Chaiduar,,CHATRANG CLF CO-OPERATIVE SOCIETY LTD,,
Biswanath,Chaiduar,,HELEM C L F CO-OPERATIVE SOCIETY LTD,,
Biswanath,Chaiduar,,NIRMALA CLF CO SOCIETY LTD,,
Biswanath,Pub Chaiduar,,ADITI CLF,,
Biswanath,Pub Chaiduar,,FOUR STAR CLUSTER NORTH,,
Biswanath,Pub Chaiduar,,LIGANG CLUSTER FEDERATION,,
Biswanath,Pub Chaiduar,,PUB MANDAL MULAGAVORU FEDARATION,,
Biswanath,Sakomatha,,JETUKA CLUSTER LEVEL FEDERATION,,
Biswanath,Sakomatha,,MS TRINAYAN CLF,,
Biswanath,Sakomatha,,SHRISTI CLF,,
Bongaigaon,Bidyapur,,BIRJHORA MANDAL SANGATHAN,,
Bongaigaon,Bidyapur,,CHAMPABATI MANDAL SANGATHAN,,
Bongaigaon,Bidyapur,,MS AIE MANDAL SANGATHAN,,
Bongaigaon,Bidyapur,,TUNIYA MAA MANDAL SANGATHAN,,
Bongaigaon,Boitamari,,ASHIRBAD CLF,,
Bongaigaon,Boitamari,,GONGOTURI MONDAL SANGATHAN,,
Bongaigaon,Boitamari,,SAKHI CLF,,
Bongaigaon,Boitamari,,SANKAR AJAN,,
Bongaigaon,Manikpur,,AI VELLY CLF,,
Bongaigaon,Manikpur,,MANASH VALLEY CLF,,
Bongaigaon,Manikpur,,RAMDHENU CLF,,
Bongaigaon,Manikpur,,SATABDI CLF,,
Bongaigaon,Srijangram,,ALOKJYOTI MONDAL SANGATHAN,,
Bongaigaon,Srijangram,,ASHIRBAD CLF,,
Bongaigaon,Srijangram,,LUKI MONDAL SANGATHAN,,
Bongaigaon,Srijangram,,TRIBENI MONDAL SANGATHAN,,
Bongaigaon,Tapattary,,AKASHBANI CLF,,
Bongaigaon,Tapattary,,AROHAN CLF,,
Bongaigaon,Tapattary,,KUHIPATH CLF,,
Bongaigaon,Tapattary,,MRIGAYA CLUSTER LEVEL FEDERATION,,
Cachar,Banskandi,,JAGROTO AGROGAMI CLF,,
Cachar,Banskandi,,RADHIKA CLF,,
Cachar,Binnakandi,,JYOTI CLF,,
Cachar,Binnakandi,,UNIVERSE CLF,,
Cachar,Binnakandi,,UNNAYAN CLF,,
Cachar,Borjalenga,,PASCHIM SONAI CLF,,
Cachar,Borjalenga,,SOUTH DHOLAI CLF,,
Cachar,Borkhola,,BIRANGONA CLUSTER LEVEL FEDERATION,,
Cachar,Borkhola,,JAGROTO CLUSTER LEVEL FEDERATION,,
Cachar,Borkhola,,MOHILA JAGARAN CLUSTER LEVEL FEDERATION,,
Cachar,Borkhola,,UJJAL CLUSTER LEVEL FEDERATION,,
Cachar,Dholai - Narsingpur,,BHAIGYASHALI CLF,,
Cachar,Dholai - Narsingpur,,NARI SHAKTI CLF,,
Cachar,Dholai - Narsingpur,,PRAGATI CLF,,
Cachar,Dholai - Narsingpur,,SANJEEVANI CLF,,
Cachar,Kalain,,DEVIKA CLF,,
Cachar,Kalain,,DHARSHAN CLF,,
Cachar,Kalain,,JANANI CLF,,
Cachar,Kalain,,SRISTI CLF,,
Cachar,Katigora,,ASHAR UNNOTI CLF,,
Cachar,Katigora,,MATRI SHAKTI CLF,,
Cachar,Katigora,,NARI UNNAYAN CLF,,
Cachar,Lakhipur,,PABITRA CLF,,
Cachar,Lakhipur,,SAKHI SAHELI CLF,,
Cachar,Lakhipur,,SAMRIDDHI CLF,,
Cachar,Palonghat,,CHIRANJIB CLF,,
Cachar,Palonghat,,KAVERI CLF,,
Cachar,Rajabazar,,BIRANGANA CLF,,
Cachar,Rajabazar,,MATRIBHUMI CLF,,
Cachar,Rajabazar,,SANJIBANI CLF,,
Cachar,Rajabazar,,SMRITI CLUSTER FEDERATION,,
Cachar,Salchapra,,MOHILA JYOTI CLF,,
Cachar,Salchapra,,SANGAM CLF,,
Cachar,Silchar,,KAUSHALYA MAHILA CLF,,
Cachar,Silchar,,UDIYAMAN MAHILA CLUSTER LEVEL FEDERATION,,
Cachar,Sonai,,ASHARALO CLF,,
Cachar,Sonai,,MATRI SHAKTI CLF,,
Cachar,Tapang,,JAGAT KALYAN CLF,,
Cachar,Udharbond,,MAHILA JAGARON,,
Cachar,Udharbond,,MAHILA JAGORAN,,
Cachar,Udharbond,,MAHILA JAGORAN CLF,,
Cachar,Udharbond,,TRIDEEP CLF,,
Charaideo,Lakuwa,,NIMONAGARH CLF,,
Charaideo,Lakuwa,,PATKAI CLF,,
Charaideo,Mahmora Sonari,,SAMIKHYA CLF,,
Charaideo,Mahmora Sonari,,SWAPNAMUKHI CLF,,
Charaideo,Mahmora Sonari,,TRIBENI MANDAL SANGHA,,
Charaideo,Mahmora Sonari,,TRINAYAN CLF,,
Charaideo,Sapekhati,,ABAHAN CLUSTER LEVEL FEDARATION,,
Charaideo,Sapekhati,,ANAJORI CLF CLASTER I ASRLM,,
Charaideo,Sapekhati,,BORHAT MANDAL PAJYAY SANGATHAN,,
Charaideo,Sapekhati,,SAHAJATRI MONDAL PAIJY SANGATHAN,,
Charaideo,Sonari West Abhoipur,,ANAJORI CLF,,
Charaideo,Sonari West Abhoipur,,BORLUIT CLF,,
Charaideo,Sonari West Abhoipur,,CHARAIDEO C L F,,
Charaideo,Sonari West Abhoipur,,MS MONIKANCHAN CLF,,
Charaideo,Sonari West Abhoipur,,NILGIRI CLUSTER LEVEL FEDERATION,,
Chirang,Borobazar,,ARONAI CLF,,
Chirang,Borobazar,,BRAHMAPUTRA CLF,,
Chirang,Borobazar,,ONPAWRI CLF FEDERATION,,
Chirang,Borobazar,,SUN CLF,,
Chirang,Sidli-Chirang,,MILON CLF,,
Chirang,Sidli-Chirang,,MORNING STAR CLUSTER,,
Chirang,Sidli-Chirang,,NWJWR CLF,,
Chirang,Sidli-Chirang,,SUNJARANG CLUSTER LEVEL FEDERATION,,
Darrang,Bechimari,,KANAKLATA CLF,,
Darrang,Bechimari,,LAXMI CLF,,
Darrang,Bechimari,,PRITHIBI CLF,,
Darrang,Bechimari,,RODALI CLF,,
Darrang,Dalgaon Sialmari,,ANAND CLF CLUSTER A,,
Darrang,Dalgaon Sialmari,,APARAJITA CLUSTER LEVEL FEDERATION,,
Darrang,Dalgaon Sialmari,,JANMABHOMI MANDAL PARJAY HONGOTHAN,,
Darrang,Dalgaon Sialmari,,MILIJULI CLF,,
Darrang,Pachim Mangaldai,,ASHIRBAD MAHILA MANDAL SANGATHAN,,
Darrang,Pachim Mangaldai,,JIGYASA CLF,Palladium,
Darrang,Pachim Mangaldai,,SIRO SENEHI CLUSTER LEVEL FEDARATION,,
Darrang,Pub Mangaldai,,AKASHIGANGA CLF,,
Darrang,Pub Mangaldai,,APARAJITA CLUSTER LEVEL FEDERATION,Palladium,
Darrang,Pub Mangaldai,,MS KUHIPAT CLF,,
Darrang,Pub Mangaldai,,NAVODAY MAHILA MANDAL SANGATHAN,,
Darrang,Pub Mangaldai,,SAMANNAY MANDAL SANGATHAN,,
Darrang,Sipajhar,,ASOMI CLF,,
Darrang,Sipajhar,,BIRANGANA CLF,,
Darrang,Sipajhar,,KHATARA SATRA CLF,,
Darrang,Sipajhar,,MAHAMILAN CLF,,
Dhemaji,Bordoloni,,BRAHMAPUTRA MANDAL COMMITTEE,,
Dhemaji,Bordoloni,,MOMOTAJ CLF,,
Dhemaji,Bordoloni,,MONIKANCHAN CLF,,
Dhemaji,Bordoloni,,TRINAYAN CLF,,
Dhemaji,Dhemaji,,BIRANGANA UTTAR MANDAL,,
Dhemaji,Dhemaji,,MS BIRANGANA MANDAL CLF,,
Dhemaji,Dhemaji,,MS PRAGATI CLF,,
Dhemaji,Dhemaji,,PRATISHRUTI CLF,,
Dhemaji,Dhemaji,,SRISTI MODEL CLF OSF,,
Dhemaji,Machkhowa,,DOLPHIN CLF,,
Dhemaji,Machkhowa,,GORIMA CLF,,
Dhemaji,Murkongselek Tribal,,DOKSORI CLF CLUSTER III,,
Dhemaji,Murkongselek Tribal,,NARI MANCHA C.L.F,,
Dhemaji,Murkongselek Tribal,,PUHOR CLF,,
Dhemaji,Murkongselek Tribal,,ROSHNI CLF,,
Dhemaji,Sissiborgaon,,ASTHA CLF COOPERATIVE SOCIETY LIMITED,,
Dhemaji,Sissiborgaon,,BRAHMAPUTRA CLF,,
Dhemaji,Sissiborgaon,,DISSIMUK CLF,,
Dhemaji,Sissiborgaon,,SATI SADHANI CLF COOPERATIVE SOCIETY LIMITED,,
Dhubri,Agomani,,PROGATISHIL CLF,,
Dhubri,Agomani,,PUSHPALATA CLF,,
Dhubri,Agomani,,RAMRAIKUTI CLF,,
Dhubri,Agomani,,TRI MILON CLF,,
Dhubri,Athani,,HAWAKHANA CLUSTER LEVEL FEDERATION,,
Dhubri,Athani,,JAUGASAR CLF,,
Dhubri,Athani,,RANGAMATI CLF,,
Dhubri,Athani,,SHOPON CLF,,
Dhubri,Balajan,,MOON CLUSTER LEVEL FEDERATION,,
Dhubri,Balajan,,RAINBOW CLUSTER LEVEL FEDERATION,,
Dhubri,Balajan,,SKY CLUSTER LEVEL FEDERATION,,
Dhubri,Balajan,,STAR CLUSTER LEVEL FEDERATION,,
Dhubri,Bilasipara,,BEAUTY CLF,,
Dhubri,Bilasipara,,MOTHER TERESA CLF,,
Dhubri,Bilasipara,,SANJIBANI CLF,,
Dhubri,Bilasipara,,SKY CLUSTER LEVEL FEDERATION,,
Dhubri,Birsing Jarua,,BRAHMAPUTRA CLF,,
Dhubri,Birsing Jarua,,JANAKALYAN CLF,,
Dhubri,Birsing Jarua,,KANAKLATA CLF,,
Dhubri,Birsing Jarua,,NARI JAGARAN CLF,,
Dhubri,Chapar Salkocha,,BISHAL MAHILA CLUSTER LEVEL FEDERATION,,
Dhubri,Chapar Salkocha,,CHAMPA CLUSTER LEVEL FEDARATION,,
Dhubri,Chapar Salkocha,,JOYMATI MAHILA SANGHA CLUSTER LEVEL FEDERATION,,
Dhubri,Chapar Salkocha,,MULA GAVORU MOHILA SANGHA CLF,,
Dhubri,Dharamsala,,BRAHMAPUTRA CLF,,
Dhubri,Dharamsala,,KACHARIHAT GANGA CLF,,
Dhubri,Dharamsala,,SISTERS UNIT CLF,,
Dhubri,Dharamsala,,UTTARAN CLF,,
Dhubri,Golakganj,,DIBYAJYOTI CLF,,
Dhubri,Golakganj,,KASTURBA CLF,,
Dhubri,Golakganj,,NARI PROGATI CLF,,
Dhubri,Golakganj,,MAHILA SABALIKARAN CLF,,
Dhubri,Mahamaya,,JILIKA CLUSTER LEVEL FEDERATION,,
Dhubri,Mahamaya,,RAJMONI CLF,,
Dhubri,Mahamaya,,SANTI CLF,,
Dhubri,Mahamaya,,SONTOLI CLF,,
Dhubri,Naskara Jamadarhat,,AGRADOOT CLF,,
Dhubri,Naskara Jamadarhat,,MATRI SHAKTI CLF,,
Dhubri,Naskara Jamadarhat,,STAR CLF,,
Dhubri,Nayeralga,,ALOK ROSHMI CLF,,
Dhubri,Nayeralga,,LOTUS CLF,,
Dhubri,Nayeralga,,MOUSUMI CLF,,
Dhubri,Nayeralga,,SKY CLF,,
Dibrugarh,Borboruah,,AGRAGAMI CLF,,
Dibrugarh,Borboruah,,BIRANGANA CLF,,
Dibrugarh,Borboruah,,SAMANNAY CLF,,
Dibrugarh,Borboruah,,TRIBENI CLF,,
Dibrugarh,Chabua,,PARTHANA CLF,,
Dibrugarh,Chabua,,PROTIGYA CLF,,
Dibrugarh,Chabua,,RONG,,
Dibrugarh,Chabua,,RONG CLF,,
Dibrugarh,Chabua,,RONG CLF,,
Dibrugarh,Khowang,,BAGDITI CLUSTER LEVEL FEDERATION,,
Dibrugarh,Khowang,,MANJISTHA CLUSTER LEVEL FEDERATION,,
Dibrugarh,Khowang,,MONIKANCHAN CLUSTER LEVEL FEDERATION,,
Dibrugarh,Khowang,,SAMANNOY SETU CLUSTER LEVEL FEDERATION,,
Dibrugarh,Lahowal,,ALAKANANDA,,
Dibrugarh,Lahowal,,BANDHUN,,
Dibrugarh,Lahowal,,GONGOTRI,,
Dibrugarh,Lahowal,,TRINAYAN,,
Dibrugarh,Naharkatia,,JAGARAN CLF,,
Dibrugarh,Naharkatia,,LOBHIMAH CLF,,
Dibrugarh,Naharkatia,,MONIKANCHAN C L F,,
Dibrugarh,Naharkatia,,SOMPRITI CLF,,
Dibrugarh,Tengakhat,,NILGIRI,,
Dibrugarh,Tengakhat,,NILGIRI CLF,,
Dibrugarh,Tengakhat,,NOMAMI CLF,,
Dibrugarh,Tengakhat,,SHAKTI,,
Dibrugarh,Tengakhat,,TRIBENI SANGAM,,
Dibrugarh,Tingkhang,,TAPASYA CLF,,
Dibrugarh,Tingkhang,,TINGKHONG SAMPRITI CLF,,
Dibrugarh,Tingkhang,,TRIBENI CLF,,
Dima Hasao North Cachar Hills,Diyung Valley,,HAMJAOMA CLUSTER LEVEL FEDERATION,,
Dima Hasao North Cachar Hills,Diyung Valley,,HUMBA BUBLEE CLF,,
Dima Hasao North Cachar Hills,Diyung Valley,,KAMSMAI CLF,,
Dima Hasao North Cachar Hills,Diyung Valley,,SAINSMAI CLF,,
Dima Hasao North Cachar Hills,Diyung Valley,,SHIBARAI CLF,,
Dima Hasao North Cachar Hills,Diyungbra,,LIFE LINE,,
Dima Hasao North Cachar Hills,Diyungbra,,LONGKU CLF,,
Dima Hasao North Cachar Hills,Diyungbra,,RANGPHAIDI CLF,,
Dima Hasao North Cachar Hills,Harangajao,,EVERGREEN CLF,,
Dima Hasao North Cachar Hills,Harangajao,,HARANGAJAO LOWER KHARTHONG CLF,,
Dima Hasao North Cachar Hills,Harangajao,,SUNSHINE CLF,,
Dima Hasao North Cachar Hills,Harangajao,,TEINSAP CLF,,
Dima Hasao North Cachar Hills,Harangajao,,UNIQUE CLF,,
Dima Hasao North Cachar Hills,Jatinga Valley,,LAISONG CLUSTER LEVEL FEDERATION,,
Dima Hasao North Cachar Hills,Jatinga Valley,,MAHUR CLF,,
Dima Hasao North Cachar Hills,New Sangbar,,DEHANGI CLF,,
Dima Hasao North Cachar Hills,New Sangbar,,KHARTHONG CLF,,
Dima Hasao North Cachar Hills,New Sangbar,,UMRONG CLF,,
Goalpara,Balijana,,MULAGABHURU CLUSTER LEVEL FEDERATION,,
Goalpara,Balijana,,RAMDHENU CLUSTER LEVEL FEDARATION,,
Goalpara,Dudhnoi,,ASOM DARPAN CLF,,
Goalpara,Dudhnoi,,DOLPHIN CLUSTER LEVEL FEDERATION,,
Goalpara,Dudhnoi,,JUPITER CLF,,
Goalpara,Dudhnoi,,POPULAR CLF BAGUAN KATHALBARI KUSHDHOWA,,
Goalpara,Dudhnoi,,RENGONI CLF,Palladium,
Goalpara,Jaleswar,,BRAHMAPUTRA CLF,,
Goalpara,Jaleswar,,GHAGOA CLUSTER LEVEL FEDERATION,,
Goalpara,Jaleswar,,LUIT CLUSTER LEVEL FEDARATION,,
Goalpara,Jaleswar,,THE JINJIRAM CLUSTER LEVEL FEDERATION,,
Goalpara,Kamakhyabari,,ADARSHA CLUSTER LEVEL FEDERATION,,
Goalpara,Kamakhyabari,,JEEVIKA CLUSTER LEVEL FEDERATION,,
Goalpara,Kamakhyabari,,SANKAR AZAN CLUSTER LEVEL FEDARATION,,
Goalpara,Lakhipur,,PRAGATI CLF,,
Goalpara,Lakhipur,,PROTIGYA CLF,,
Goalpara,Lakhipur,,SHAKTI CLF,,
Goalpara,Lakhipur,,SURJYA CLF,,
Goalpara,Paikan,,JUN TORA C L F,,
Goalpara,Paikan,,JUNTORA,,
Goalpara,Paikan,,MAYABINI CLF,,
Goalpara,Paikan,,TRIBENI CLUSTER LEVEL FEDERATION,,
Goalpara,Paikan,,UJJAL CLUSTER LEVEL FEDERATION,,
Goalpara,Rangjuli,,BIRANGANA CLUSTER LEVEL FEDERATION,,
Goalpara,Rangjuli,,TRINAYAN CLF,,
Goalpara,Rangjuli,,TRIVENI CLUSTER LEVEL FEDERATION,,
Goalpara,Sri Suryagiri,,DRISTI CLF,,
Goalpara,Sri Suryagiri,,LAKHYA CLF,,
Goalpara,Sri Suryagiri,,SHAKTI CLF,,
Golaghat,Dergaon North,,ANKUR CLUSTER LEVEL FEDERATION KAKO,,
Golaghat,Dergaon North,,BRIRANGONA CLF,,
Golaghat,Dergaon South,,MAHABAHU CLF,,
Golaghat,Dergaon South,,TRINAYNA CLUSTER LEVEL FEDERATION,,
Golaghat,Golaghat Central,,ARUNUDOI CLUSTER LEVEL FEDERATION,,
Golaghat,Golaghat Central,,ASTITWA CLUSTER LEVEL FEDERATION,,
Golaghat,Golaghat Central,,DARPANA CLF,,
Golaghat,Golaghat Central,,DEVANGI CLUSTER LEVEL FEDERATION,,
Golaghat,Golaghat East,,ANKUR MONDAL PAJYAR SANGATHAN,,
Golaghat,Golaghat East,,NABA DHARA CUSTER LEVEL FEDERATION,,
Golaghat,Golaghat East,,SANGRAMI CLUSTER LEVEL FEDERATION,,
Golaghat,Golaghat East,,SANJUKTA CLF,,
Golaghat,Golaghat South,,DHANSIRI CLF,,
Golaghat,Golaghat South,,LUIT,,
Golaghat,Golaghat South,,NAMAMI CLF,,
Golaghat,Golaghat South,,PANCHAMILON CLF,,
Golaghat,Golaghat West,,PANCHALI CLF,,
Golaghat,Golaghat West,,PANCHAMI CLF,,
Golaghat,Golaghat West,,PANCHAMITRA CLF,,
Golaghat,Golaghat West,,PELICAN CLF KAZIRANGA,,
Golaghat,Gomariguri,,BORDOISHEELA MONDAL SANGATHAN,,
Golaghat,Gomariguri,,DOYANG MONDAL SANGATHAN,,
Golaghat,Gomariguri,,TRIBENY CLF,,
Golaghat,Gomariguri,,TRINAYAN CLF,,
Golaghat,Morongi,,MS BIRANGANA CLUSTER LEVELFEDERATION,,
Golaghat,Morongi,,SMRITI CLUSTER LEVEL FEDERATION,,
Hailakandi,Algapur,,ALGAPUR PROGOTI CLF,,
Hailakandi,Algapur,,AMRIT CLF,,
Hailakandi,Algapur,,KUSHUMKOLY CLF,,
Hailakandi,Algapur,,PROGOTI CLF PANCHGRAM,,
Hailakandi,Hailakandi,,NARI SEVA CLUSTER LEVEL FEDERATION,,
Hailakandi,Hailakandi,,MAHILA SEVA CLF,,
Hailakandi,Hailakandi,,THE WOMEN EMPOWERMENT C L F CLUSTER,,
Hailakandi,Hailakandi,,THE MANAB KALLAYAN C L F,,
Hailakandi,Katlicherra,,ASHA DEEP CLF,,
Hailakandi,Katlicherra,,SUBHO CLUSTER LEVEL FEDERATION,,
Hailakandi,Lala,,AC WOMEN POWER CLUSTER LEVEL FEDERATION,,
Hailakandi,Lala,,JEEBON SOKHI CLF,,
Hailakandi,Lala,,JEEVAN JYOTI CLF,,
Hailakandi,Lala,,SAMAJ SEVI CLF,,
Hailakandi,Lala,,TIRANGA CLF,,
Hailakandi,South Hailakandi,,DHALESWARI CLF,,
Hailakandi,South Hailakandi,,TRIBENI SANGAM CLF,,
Hojai,Binnakandi,,CHOWDHURY BAZAR CLF,,
Hojai,Binnakandi,,JIBAN SANJIBANI CLF,,
Hojai,Binnakandi,,MURAJHAR CLF,,
Hojai,Binnakandi,,SANKAR AJAN MOHASANGHA CO OPERATIVE SOCIETY LIMITED,,
Hojai,Dhalpukhuri,,ARADHANA CLF,,
Hojai,Dhalpukhuri,,NILACHAL CLF,,
Hojai,Dhalpukhuri,,PUBERUN CLF,,
Hojai,Jugijan,,KAPILI CLUSTER LEVEL FEDERATION CLF CO OPERATIVE SOCIETY LIMITED,,
Hojai,Jugijan,,PODUM CLF,,
Hojai,Jugijan,,RAMDHENU CLF,,
Hojai,Jugijan,,TRI SHAKTI CLF,,
Hojai,Lumding,,BHARATMATA CLF,,
Hojai,Lumding,,MEGHNA CLF,,
Hojai,Lumding,,PAHARI THAISU CLUSTER LEVEL FEDERATION CLF CO OPERATIVE SOCIETY LIMITED,,
Hojai,Lumding,,PRAGATI CLF,,
Hojai,Udali,,NIRMAN CLF,,
Hojai,Udali,,PATKAI CLF,,
Hojai,Udali,,UNNAYAN CLF,,
Hojai,Udali,,UTTARAN CLUSTER LEVEL FEDERATION CLF CO OPERATIVE SOCIETY LMITED,,
Jorhat,Central Jorhat,,MOHURA MANDAL SANGATHAN,,
Jorhat,Central Jorhat,,MS KANCHONJONGGHA CLF,,
Jorhat,East Jorhat,,BHOGDOI PANCHAMI CLF,,
Jorhat,East Jorhat,,JHANJIPORIA KOUNKONA CLF,,
Jorhat,East Teok,,ANIRBAN CLF,,
Jorhat,East Teok,,MS ANUPRERONA CLF,,
Jorhat,East Teok,,SANJEEVANI CLF,,
Jorhat,East Teok,,SAPTASIKHA CLF,,
Jorhat,Kaliapani,,MONIKANCHAN CLUSTER LEVEL FEDERATION,,
Jorhat,Kaliapani,,TRINAYANA CLUSTER LEVEL FEDERATION,,
Jorhat,North West Jorhat,,DESOIPARIA NORTH WEST CLF,,
Jorhat,North West Jorhat,,MS BHOGDOI CLUSTER LEVEL FEDERATION,,
Jorhat,North West Jorhat,,MS NAMAMI CLASTER LEBEL FEDERATION NW JORHA T DE,,
Jorhat,North West Jorhat,,TAJOSWINI CLF,,
Jorhat,Titabar,,BOKAHOLLA CLUSTER FEDERATION,,
Jorhat,Titabar,,MS BORHOLLA CLUSTER LEVEL FEDERATION,,
Jorhat,Titabar,,MS GHOR JEUTI FEDERATION,,
Jorhat,Titabar,,MS CLUSTER LEVEL FEDERATION MADHAPUR,,
Kamrup,Bezera,,HIMALAY,,
Kamrup,Bezera,,KAPOUPAHI,,
Kamrup,Bezera,,MANMOYURI CLF ASRLM,,
Kamrup,Bezera,,CLF UPAKHANA,,
Kamrup,Bihdia Jajikona,,ASHIRBAD MANDAL PARJAI SANGATHAN,,
Kamrup,Bihdia Jajikona,,JAYMATI CLF,,
Kamrup,Bihdia Jajikona,,MAA KAMAKHYA MANDAL PRAJYA SANGATHAN,,
Kamrup,Boko,,MISSISSIPPI CLF,,
Kamrup,Boko,,RONANGINI MANDAL PARJAY SANGATHAN,,
Kamrup,Boko,,SHAKTIRUPA MANDAL PARJAY SANGATHAN,,
Kamrup,Boko,,SRISTI MANDAL PRAJYA SANGATHAN,Palladium,
Kamrup,Bongaon,,MAHILA SHAKTI CLF,,
Kamrup,Bongaon,,SHANTI NIJORA CLUSTER LEVEL FEDERATION,,
Kamrup,Chamaria,,AKAHITORA CLF,,
Kamrup,Chamaria,,DHRUB TARA,,
Kamrup,Chamaria,,MIRJUMOLA CLUSTER LEVEL FEDERATION,,
Kamrup,Chamaria,,SUSANSHREE,,
Kamrup,Chayani Rani,,CHANDUBI CLF,,
Kamrup,Chayani Rani,,MAHABAHU MANDAL SANGATHAN,,
Kamrup,Chayani Rani,,SARATHI CLF,,
Kamrup,Chayani Rani,,SUKANYA CLF,,
Kamrup,Chayani Rani,,TRINAYANA CLF,,
Kamrup,Chhaygaon Maa Chandika,,CHANDAR CHANEKI MANDAL PARYAIOR SANGATHAN,,
Kamrup,Chhaygaon Maa Chandika,,MAA BAGHESWARI,,
Kamrup,Chhaygaon Maa Chandika,,PURNIMAR DAPON,,
Kamrup,Goroimari,,KACHIJUN CLF,,
Kamrup,Goroimari,,SAROTHI CLF,,
Kamrup,Hajo,,AAI ASOMI CLF,,
Kamrup,Hajo,,AAMI EK CLF CLUSTER ONE,,
Kamrup,Hajo,,CHARIBHANI CLUSTER LEVEL FEDARATION,,
Kamrup,Hajo,,NAHAR CLF,,
Kamrup,Hajo,,TRIBENI CLF,,
Kamrup,Kamalpur,,CHILARAI MANDAL SANGATHAN,,
Kamrup,Kamalpur,,MADHUMILAN MANDAL SANGATHAN,,
Kamrup,Kamalpur,,TRINAYANI MANDAL SANGATHAN,,
Kamrup,Kamalpur,,TRIVENI SANGAM MANDAL SANGATHAN,,
Kamrup,Rampur,,ANAJORI MANDAL SANGHA,,
Kamrup,Rampur,,INDRADHENU CLF,,
Kamrup,Rampur,,KAHUA MANDAL SANGHA,,
Kamrup,Rangia,,AKASHI GANGA CLF,,
Kamrup,Rangia,,DHRUBATARA MANDAL PARJAYOR,,
Kamrup,Rangia,,MOHIYOSKHI CLF,,
Kamrup,Rangia,,TRIRANGA MANDALPARJAY SANGATHAN,,
Kamrup,Sualkuchi,,AAI MATRI MANDAL SANGATHAN,,
Kamrup,Sualkuchi,,ASHA DEEP MAHASANGHA,,
Kamrup,Sualkuchi,,BIRANGANA MANDAL PARJYA MAHASANGA,,
Kamrup,Sualkuchi,,MAHABAHU MANDAL SANGATHAN,,
Kamrup-Metro,Chandrapur,,BAREBARANIA CLUSTER LEVEL PRIMARY CO OPERATIVE SOCEITY LTD,,
Kamrup-Metro,Chandrapur,,CHANDRAPUR SAMANNOI MANDAL CLUSTER LEVEL PRIMARY CO-OPERATIVE SOCIETY LIMITED,,
Kamrup-Metro,Chandrapur,,PABITARA CLF,,
Kamrup-Metro,Chandrapur,,SARAIGHAT CLUSTER LEVEL FEDERATION,,
Kamrup-Metro,Dimoria,,ASHADEEP CLUSTER LEVEL PRIMARY CO-OPERATIVE SOCIETY LIMITED,,
Kamrup-Metro,Dimoria,,DUONI PORIYA CLUSTER LEVEL PRIMARY CO-OPERATIVE SOCIETY LTD,,
Kamrup-Metro,Dimoria,,TRIBENI CLUSTER LEVEL PRIMARY COOPERATIVE SOCIETY LTD,,
Kamrup-Metro,Dimoria,,TRIMURTI CLUSTER LEVEL PRIMARY CO-OPERATIVE SOCIETY LIMITED,,
Kamrup-Metro,Ramcharani,,DHRUBATARA CLF,,
Kamrup-Metro,Ramcharani,,TRINAYANA CLF,,
Karbi Anglong,Bokajan,,DIHIN KANGTHUR CLF,,
Karbi Anglong,Bokajan,,KLARBOR CLF,,
Karbi Anglong,Bokajan,,MILIJULI CLF,,
Karbi Anglong,Bokajan,,SWABHIMAN CLF,,
Karbi Anglong,Howraghat,,DIKRUT SARPO CLF,,
Karbi Anglong,Howraghat,,PILONGRI CLF,,
Karbi Anglong,Howraghat,,RICHO HIDI CLF,,
Karbi Anglong,Howraghat,,RONGMILI CLF,,
Karbi Anglong,Langsomepi,,DILANG DOIPA,,
Karbi Anglong,Langsomepi,,RUPJUTI,,
Karbi Anglong,Langsomepi,,SOCHENG CHINGRUM,,
Karbi Anglong,Langsomepi,,THE ANG,,
Karbi Anglong,Lumbajong,,ATIRIPI CLF,,
Karbi Anglong,Lumbajong,,DHANSIRI CLF,,
Karbi Anglong,Lumbajong,,LOTICHARI CLF,,
Karbi Anglong,Lumbajong,,TERAN,,
Karbi Anglong,Nilip,,BIKHA CLF,,
Karbi Anglong,Nilip,,KLAR ET CLF,,
Karbi Anglong,Rongmongwe,,KAJIR RONGHANGPI CLF,,
Karbi Anglong,Rongmongwe,,SOCHENGDHENTA CLF,,
Karbi Anglong,Samelangso,,KORKANTHI CLUSTER LEVEL FEDERATION,,
Karbi Anglong,Samelangso,,LANGHIN CLF,,
Karbi Anglong,Samelangso,,MAHAMAYA NOMATI CLF,,
Kokrajhar,Dotoma,,EVERGREEN CLF,,
Kokrajhar,Dotoma,,GANGA YAMUNA CLF,,
Kokrajhar,Dotoma,,KANAKLATA CLF,,
Kokrajhar,Dotoma,,SUN FLOWER CLF,,
Kokrajhar,Gossaigaon,,KANAKLATA CLUSTER LEVEL PRIMARY CO OPERATIVE SOCIETY LTD,,
Kokrajhar,Gossaigaon,,PAANCHALI CLUSTER LEVEL CO OPERATIVE SOCIETY LTD,,
Kokrajhar,Gossaigaon,,PARTHASARATHI CLUSTER LEVEL PRIMARY CO OPERATIVE SOCIETY LTD,,
Kokrajhar,Gossaigaon,,SUNSHINE CLUSTER LEVEL PRIMARY CO OPERATIVE SOCIETY LTD,,
Kokrajhar,Hatidhura,,JONAKI CLUSTER LEVEL PRIMARY COOPERATIVE SOCIETY LTD,,
Kokrajhar,Hatidhura,,MS GREEN VALLEY CLF,,
Kokrajhar,Hatidhura,,SKYLAND CLUSTER LEVEL PRIMARY COOPERATIVE SOCIETY LTD,,
Kokrajhar,Kachugaon,,JUPITARA CLUSTER LEVEL PRIMARY CO OPERATIVE SOCIETY LTD,,
Kokrajhar,Kachugaon,,LOTUS CLUSTER LEVEL PRIMARY CO OPERATIVE SOCIETY LTD,,
Kokrajhar,Kachugaon,,NEW HOPE CLUSTER LEVEL PRIMARY CO OPERATIVE SOCIETY LTD,,
Kokrajhar,Kachugaon,,RAINBOW CLUSTER LEVEL PRIMARY CO OPERATIVE SOCIETY LTD,,
Kokrajhar,Kokrajhar,,MOONLIGHT CLUSTER LEVEL PRIMARY COOPERATIVE SOCIETY LTD,,
Kokrajhar,Kokrajhar,,RAINBOW CLUSTER LEVEL PRIMARY COOPERATIVE SOCIETY LTD,,
Kokrajhar,Kokrajhar,,RAISING BODOLAND CLF,,
Kokrajhar,Kokrajhar,,RAISING BODOLAND CLUSTER LEVEL PRIMARY COOPERATIVE SOCIETY LTD,,
Kokrajhar,Kokrajhar,,RISING INDIA CLUSTER LEVEL PRIMARY COOPERATIVE SOCIETY LTD,,
Lakhimpur,Bihpuria,,ALAKANANDA CLF,,
Lakhimpur,Bihpuria,,BIRANGONA CLF,,
Lakhimpur,Bihpuria,,SAPTASIKHA CLF,,
Lakhimpur,Boginadi,,JUBLEE CLF,,
Lakhimpur,Boginadi,,PUBALI FEDERATION,,
Lakhimpur,Boginadi,,SHATABDI CLF,,
Lakhimpur,Boginadi,,SROTASWINI CLF,,
Lakhimpur,Dhakuakhana,,ADARSH C L F,,
Lakhimpur,Dhakuakhana,,SHANTI CLF,,
Lakhimpur,Dhakuakhana,,TRIBENI CLUSTER LELVEL FEDERATION,,
Lakhimpur,Dhakuakhana,,TRINAYAN MANDAL SANGATHAN,,
Lakhimpur,Ghilamara,,ANAJORI C L F,,
Lakhimpur,Ghilamara,,OBANARI CLF,,
Lakhimpur,Ghilamara,,SAMPRITI CLF,,
Lakhimpur,Ghilamara,,TRIBENI CLF,,
Lakhimpur,Karunabari,,BIDYA CLF,,
Lakhimpur,Karunabari,,BINUDON CLF,,
Lakhimpur,Karunabari,,SONJUGI CLUSTER LEVEL FEDERATION,,
Lakhimpur,Karunabari,,TRIBANI CLF,,
Lakhimpur,Lakhimpur,,GHUNASUTI PANOI CLF,,
Lakhimpur,Lakhimpur,,SOMANNOY CLUSTER LEVEL FEDERATION,,
Lakhimpur,Lakhimpur,,TRINAYAN CLF,,
Lakhimpur,Lakhimpur,,UTARA CLF,,
Lakhimpur,Narayanpur,,GAMKHARU CLF,,
Lakhimpur,Narayanpur,,JONAKI CLUSTER LEVEL FEDERATION,,
Lakhimpur,Narayanpur,,PADULI CLUSTER LEVEL FEDERATION,,
Lakhimpur,Narayanpur,,SWARDHANJALI CLUSTER LEVEL FEDARATION,,
Lakhimpur,Nowboicha,,ALOK CLUSTER LEVEL FEDERATION,,
Lakhimpur,Nowboicha,,LAKHI CLF,,
Lakhimpur,Nowboicha,,NABA JAGARAN CLF,,
Lakhimpur,Nowboicha,,PUB TELAHI CLF,,
Lakhimpur,Ronganadi,,JUNAK CLF,,
Lakhimpur,Ronganadi,,RAMDHENU CLF,,
Lakhimpur,Ronganadi,,TORA CLF EC COMMITEE,,
Lakhimpur,Ronganadi,,TRINAYAN C L F,,
Majuli,Majuli,,ARUNODOI CLF,,
Majuli,Majuli,,BHUPEN HAZARIKA CLF,,
Majuli,Majuli,,MULAGABHARU CLF,,
Majuli,Majuli,,PUBERUN,,
Majuli,Ujani Majuli,,CLASTER LEVEL RAMDHENU CLF,,
Majuli,Ujani Majuli,,JYOTI SANDHANI MANDAL PARJYAOR,,
Majuli,Ujani Majuli,,MICICIPI MOHILA MONDAL PAJYAYAR SA,,
Majuli,Ujani Majuli,,UJANI MAJULI BRAHMAPUTRA CLF,,
Morigaon,Bhurbandha,,JUNBIL CLF,,
Morigaon,Bhurbandha,,MOHIYASHI CLF,,
Morigaon,Bhurbandha,,SAMANNAY CLF,,
Morigaon,Bhurbandha,,UDAYJYOTI CLF,,
Morigaon,Kapili,,GAGANA CLF,,
Morigaon,Kapili,,JUGAMIYA C L F,,
Morigaon,Kapili,,MUDRA C L F,,
Morigaon,Kapili,,PRERONA CLF,,
Morigaon,Laharighat,,ANTYODAYA CLF OF SHGS,,
Morigaon,Laharighat,,NABAJAGARON CLF OF SHGS,,
Morigaon,Laharighat,,JEEVIKA CLF OF SHGS,,
Morigaon,Laharighat,,SAMANNAY MAHILA CLF,,
Morigaon,Mayong,,JUKTA CLF,,
Morigaon,Mayong,,KADAMBINI CLF,,
Morigaon,Mayong,,KAHUWA CLF,,
Morigaon,Mayong,,SAMRIDHI CLF,Palladium,
Morigaon,Moirabari,,AKASHI GANGA CLF,,
Morigaon,Moirabari,,ALAKANANDA CLF,,
Morigaon,Moirabari,,ALIPUKHURI CLF,,
Morigaon,Moirabari,,KANAKLATA CLF,,
Nagaon,Bagariguri,,ASOMI CLUSTER LEVEL FEDERATION,,
Nagaon,Bagariguri,,BORLUIT CLF,,
Nagaon,Bagariguri,,CHANDRAPRABHA CLF,,
Nagaon,Bajiagaon,,JAGRITI MAHILA MONDOL SANGATHAN,,
Nagaon,Bajiagaon,,JANA JAGARAN CLF,,
Nagaon,Bajiagaon,,NAARI SAKTI CLF,,
Nagaon,Bajiagaon,,SHANKAR AZAN M MONDAL,,
Nagaon,Barhampur,,AIDEO HANDIQUE MONDOL PARJAYOR SANGATHAN,,
Nagaon,Barhampur,,BHOGESWARI PHUKANANI CLF,,
Nagaon,Barhampur,,INDIRA GOSWAMI MONDAL COMITTEE,,
Nagaon,Barhampur,,TRIBENI,,
Nagaon,Barhampur,,TRIBENI CIF,,
Nagaon,Dhing,,DHANSIRI CLF,,
Nagaon,Dhing,,HIMALAYA CLF,,
Nagaon,Dhing,,MAHALAXMI CLF,,
Nagaon,Dhing,,SAROJINI MANDAL PARJAYAR SANGATHAN,,
Nagaon,Dolongghat,,LATAS CLF,,
Nagaon,Dolongghat,,MAHAMILAN MANDAL PARJYAI SANGATHAN,,
Nagaon,Dolongghat,,SANKAR AZAN CLUSTER LEVEL FEDERATION,,
Nagaon,Dolongghat,,SARANGA CLF,,
Nagaon,Juria,,ASOMI CLF,,
Nagaon,Juria,,PANCHA TARAKA CLF,,
Nagaon,Juria,,PRABHATI SURUJ CLF,,
Nagaon,Juria,,RAMDHENU CLF,,
Nagaon,Kaliabor,,GYANUDOI CLF,,
Nagaon,Kaliabor,,NABAPRODEEP CLUSTER LEVEL FEDERATION,,
Nagaon,Kaliabor,,SARADI RANI CLF,,
Nagaon,Kathiatoli,,ASOMI MANDAL SANGATHAN,,
Nagaon,Kathiatoli,,DHARITRI MANDAL SANGATHAN,,
Nagaon,Kathiatoli,,RENGONI MANDAL SANGATHAN,,
Nagaon,Kathiatoli,,TRINAYAN MANDAL SANGATHAN,,
Nagaon,Khagorijan,,JAGRITI MONDAL SANGHA,,
Nagaon,Khagorijan,,SATBHANI MANDAL SANGHA,,
Nagaon,Khagorijan,,TAJMAHAL MANDAL SANGHA,,
Nagaon,Khagorijan,,TRIBENI MONDAL SANGHA,,
Nagaon,Pachim Kaliabor,,AGNIGARH CLUSTER LEVEL FEDERATION,,
Nagaon,Pachim Kaliabor,,MAHASHAKTI CLUSTER LEVEL FEDERTION,,
Nagaon,Pachim Kaliabor,,NABARATNA CLUSTER LEVEL FEDERATION,,
Nagaon,Pakhimoria,,AARHI CLF,,
Nagaon,Pakhimoria,,SHIYAMALI MANDAL PARJAYAR SANGATHAN,,
Nagaon,Raha,,NILAKANTHA MONDAL SANGATHAN,,
Nagaon,Raha,,PRABHATI SURUJ MANDAL PARJYOR SANGATHAN,,
Nagaon,Raha,,SANJUKTA MANDAL COMMITEE,Palladium,
Nagaon,Raha,,TRIBENI MANDAL PRAJAY SANGATHAN,,
Nagaon,Singimari,,LOWKHOWA CLUSTER LEVEL FEDERATION,,
Nagaon,Singimari,,MS KAZIRANGA CLUSTER LEVEL FEDERATION,,
Nagaon,Singimari,,NAMERI CLUSTER LEVEL FEDERATION,,
Nagaon,Singimari,,POBITORA MANDAL SANGATHAN,,
Nalbari,Barbhag,,DAMODARDHAM CLF,,
Nalbari,Barbhag,,KRISTI CLF,,
Nalbari,Barbhag,,MAA CLF,,
Nalbari,Barbhag,,SAGAR CLF,,
Nalbari,Barkhetri,,SANKAR AZAN CLF,,
Nalbari,Barkhetri,,TRIBENI GRAMYA SANGATHAN MANDAL,,
Nalbari,Barkhetri,,TRIDEVI MANDAL PARJAY SANGATHAN,,
Nalbari,Barkhetri,,TRIMILON CLF,,
Nalbari,Ghograpar,,APARAJITA MANDAL SANGATHAN,,
Nalbari,Ghograpar,,CHANDRAPRABHA SAIKIANI MANDAL SANGATHAN,,
Nalbari,Ghograpar,,SATYA MAYATRY CLF,,
Nalbari,Ghograpar,,TRIBENI SAMANNAY CLF,,
Nalbari,Madhupur,,MAA CLF,,
Nalbari,Madhupur,,NAMAMI CLF,,
Nalbari,Nalbari,,ARUNDHATI CLF,,
Nalbari,Nalbari,,KAHUA CLF,,
Nalbari,Nalbari,,MAHA MILAN CLF,,
Nalbari,Nalbari,,YATRA CLF,,
Nalbari,Paschim Nalbari,,CHANDRAMUKHI CLF,,
Nalbari,Paschim Nalbari,,MAA CLF,,
Nalbari,Paschim Nalbari,,MAHABHAIRABI CLF,,
Nalbari,Paschim Nalbari,,TRIBENI CLF,,
Nalbari,Tihu,,AGNIGARH CLF,,
Nalbari,Tihu,,HIMACHAL CLUSTER LEVEL FEDARATION,,
Nalbari,Tihu,,NILACHAL CLUSTER LEVEL FEDERATION,,
Sivasagar,Amguri,,BORCHAPORI MANDAL PARJAI SANGATHAN,,
Sivasagar,Amguri,,RINAYAN MANDOL PRAJYAY SANGATHAN,,
Sivasagar,Demow,,MS PANCHALEE CLF,,
Sivasagar,Demow,,PANCHAJANYA CLUSTER LEVEL FEDARATION,,
Sivasagar,Demow,,PANCHAMI MONDAL POYJAI MOHILA SANGATHAN,,
Sivasagar,Demow,,PUHOR CLUSTER LEVEL FEDERATION,,
Sivasagar,Gaurisagar,,ASTHA CLASSTER LEVEL FEDERATION,,
Sivasagar,Gaurisagar,,MONIKANCHAN CLF,,
Sivasagar,Gaurisagar,,PROTYASHA CLF,,
Sivasagar,Gaurisagar,,SRISTI CLF,,
Sivasagar,Nazira,,DIKHOW MANDAL PRAZAIOR SANGATHAN,,
Sivasagar,Nazira,,NAMDANG MONDAL PAGIYAI SANGATHAN,,
Sivasagar,Nazira,,NAPHUK MANDAL SANGATHAN,,
Sivasagar,Nazira,,OUGURI JAAN CLUSTER LEVEL FEDERATION,,
Sivasagar,Sivasagar,,PANCHARATNA CLF,,
Sivasagar,Sivasagar,,SANMILITA CLUSTER LEVEL FEDERATION,,
Sivasagar,Sivasagar,,SAPTASAKHI CLF,,
Sonitpur,Balipara,,MATTRI CLF,,
Sonitpur,Balipara,,NABARUN CLF,,
Sonitpur,Balipara,,PANCHAMI CLF,,
Sonitpur,Balipara,,SURJOMUKHI MANDAL SANGATHAN,,
Sonitpur,Barchalla,,EAST CLUSTER,,
Sonitpur,Barchalla,,NORTH CLUSTER LEVEL FEDERATION,,
Sonitpur,Barchalla,,PRATIVA SOUTH CLUSTER LEVEL FEDERATION,,
Sonitpur,Barchalla,,UDAYAN MAHILA SANGATHAN,,
Sonitpur,Bihaguri,,KANCHANJANGHA MANDAL SANGATHAN,,
Sonitpur,Bihaguri,,MULAGABHARU MANDAL SANGATHAN,,
Sonitpur,Bihaguri,,VIRANGANA MANDAL SANGATHAN,,
Sonitpur,Dhekiajuli,,AGNIGARH MANDAL SONGATHAN,,
Sonitpur,Dhekiajuli,,GANGA JAMUNA CLF,,
Sonitpur,Dhekiajuli,,MS SUNIT KUWORI CLF,,
Sonitpur,Dhekiajuli,,NOBODAY MANDAL PARJAY SANGATHAN,,
Sonitpur,Gabhoru,,KALPANA CLF,,
Sonitpur,Gabhoru,,KALPATARU CLF,,
Sonitpur,Gabhoru,,PRABAHINI CLF,,
Sonitpur,Gabhoru,,USHA ANIRUDHA CLF,,
Sonitpur,Naduar,,JOONBIRI CLF,,
Sonitpur,Naduar,,KANAKLATA CLF,,
Sonitpur,Naduar,,SONIT KOWAR CLF,,
Sonitpur,Rangapara,,AKASHI CLF,,
Sonitpur,Rangapara,,AROHINI CLF,,
Sonitpur,Sootea,,APORAJITA CLF,,
Sonitpur,Sootea,,BIRANGANA CLF,,
Sonitpur,Sootea,,JOYMATI CLF,,
Sonitpur,Sootea,,TRIBENI SANGAM CLF,,
South Salmara-Mankachar,Fekamari,,FIVE STAR CLF,,
South Salmara-Mankachar,Fekamari,,RAJDHANI CLF,,
South Salmara-Mankachar,Fekamari,,TAZMOHOL CLF,,
South Salmara-Mankachar,Fekamari,,UNNAYAN MULOK CLF,,
South Salmara-Mankachar,Mankachar,,FOUR SISTER CLF,,
South Salmara-Mankachar,Mankachar,,JONBYE CLF,,
South Salmara-Mankachar,Mankachar,,PURBANCHAL CLF,,
South Salmara-Mankachar,Mankachar,,SHAFAL CLF,,
South Salmara-Mankachar,South Salmara,,BRAHMAPUTRA CLUSTER LEVEL FEDARATION,,
South Salmara-Mankachar,South Salmara,,JANO KALYAN CLUSTER LEVEL FEDARATION,,
South Salmara-Mankachar,South Salmara,,JINJIRAM CLUSTER LEVEL FEDERATION,,
South Salmara-Mankachar,South Salmara,,NARI JAGARAN CLF,,
Sribhumi,Badarpur Chaitanyanagar,,JAGARAN CLF,,
Sribhumi,Badarpur Chaitanyanagar,,MATRISHAKTI CLF,,
Sribhumi,Badarpur Chaitanyanagar,,NARI SHAKTI CLF,,
Sribhumi,Badarpur Chaitanyanagar,,NAYAN CLF,,
Sribhumi,Bhairab Nagar,,DEEP CLF,,
Sribhumi,Bhairab Nagar,,JAGARANI CLF,,
Sribhumi,Bhairab Nagar,,JANAKALYAN CLF,,
Sribhumi,Bhairab Nagar,,TRINAYANI CLF,,
Sribhumi,Dullavcherra,,MOHILA KALYAN CLF,,
Sribhumi,Dullavcherra,,SANGAM CLF,,
Sribhumi,Dullavcherra,,SWAROJGAR CLF,,
Sribhumi,Dullavcherra,,UNNATI CLF,,
Sribhumi,Lowairpoa,,KANAKLATA CLF,,
Sribhumi,Lowairpoa,,MITHELA CLF,,
Sribhumi,Lowairpoa,,UDOYON CLF,,
Sribhumi,Lowairpoa,,UNNATI CLF,,
Sribhumi,Malegarh,,BASUNDHORA CLF,,
Sribhumi,Malegarh,,JAGARAN CLF,,
Sribhumi,Malegarh,,JANDHAN CLF,,
Sribhumi,Malegarh,,KUSHIARA CLF,,
Sribhumi,Nilambazar,,MATRIBHUMI CLF,,
Sribhumi,Nilambazar,,SAMRIDDHI CLUSTER LEVEL FEDERATION,,
Sribhumi,Nilambazar,,SHANTI NIKETAN CLUSTER LEVEL FEDARATION,,
Sribhumi,Nilambazar,,SOTHODOL CLUSTER LEVEL FEDARATION,,
Sribhumi,Patharkandi,,MAHILA KALYAN CLF,,
Sribhumi,Patharkandi,,PURABI CLF,,
Sribhumi,Patharkandi,,TRINOYONI CLF,,
Sribhumi,Patharkandi,,MAHILA UNNAYAN CLF,,
Tamulpur,Goreswar,,JANANI CLF,,
Tamulpur,Goreswar,,JEEVIKA CLF,,
Tamulpur,Goreswar,,KAHINOOR CLF,,
Tamulpur,Goreswar,,PRAGATI CLF,,
Tamulpur,Nagrijuli,,DALISHA CLF,,
Tamulpur,Nagrijuli,,GAMOSA CLF,,
Tamulpur,Nagrijuli,,KAMENG CLF,,
Tamulpur,Tamulpur,,ASHA CLF,,
Tamulpur,Tamulpur,,DIAMOND CLF,,
Tamulpur,Tamulpur,,MAHAMAYA CLF,,
Tamulpur,Tamulpur,,SAUBHAGYA CLF,,
Tinsukia,Digboi,,AKHARDEEP CLF,,
Tinsukia,Digboi,,BIPLABI CLF,,
Tinsukia,Digboi,,BRAHMAPUTRA CLF,,
Tinsukia,Digboi,,SANGAM CLF,,
Tinsukia,Doomdooma,,SAMANNAY CLF,,
Tinsukia,Doomdooma,,TRINAYAN CLF,,
Tinsukia,Doomdooma,,UJJAL CLUSTER LEVEL FEDARATION,,
Tinsukia,Doomdooma,,UNNAY ANSHIL MONDAL SANGHATHAN,,
Tinsukia,Itakhuli,,ADARONI CLF,,
Tinsukia,Itakhuli,,ANANYA CLF,,
Tinsukia,Itakhuli,,BASUNDHARA CLUSTER LEVEL FEDETATION,,
Tinsukia,Itakhuli,,PRANTIKA CLF PRIMARY COOPERATIVE SOCIETY LTD,,
Tinsukia,Makum,,ASHIRBAD CLUSTER LEVEL PRIMARY COOPERATIVE SOCIETY LTD,,
Tinsukia,Makum,,NAMAMI CLUSTER LEVEL PRIMARY COOPERATIVE SOCIETY LTD,,
Tinsukia,Makum,,PATKAI CLF PRIMARY COOPERATIVE SOCIETY LTD,,
Tinsukia,Makum,,SWAGOTOM CLUSTER LEVEL FEDERATION PRIMARY COOPERATIVE SOCIETY LTD,,
Tinsukia,Margherita,,ADARSHA CLF,,
Tinsukia,Margherita,,ANAJARI CLF,,
Tinsukia,Margherita,,SANGHAMITRA CLF,,
Tinsukia,Margherita,,TEJASWANI CLF,,
Tinsukia,Sadiya,,DIKHITA CLUSTER LEVEL PRIMARY COOPERATIVE SOCIETY LTD,,
Tinsukia,Sadiya,,RUKMINI CLUSTER LEVEL PRIMARY CO-OPERATIVE SOCIETY LTD,,
Tinsukia,Sadiya,,TRINAYAN CLUSTER LEVEL PRIMARY CO-OPERATIVE SOCIETY LTD,,
Tinsukia,Sadiya,,TRIVENI CLUSTER LEVEL PRIMARY COOPERATIVE SOCIETY LTD,,
Tinsukia,Saikhowa,,ARADHANA CLF,,
Tinsukia,Saikhowa,,NABA MILAN CLF,,
Tinsukia,Saikhowa,,SAMRIDDHI CLF,,
Udalguri,Bhergaon,,CHITRALEKHA CLF,,
Udalguri,Bhergaon,,KANAKLATA JEEVIKA CLF,,
Udalguri,Bhergaon,,SEUJI DHARANI CLF,,
Udalguri,Bhergaon,,UTTARAN CLF,,
Udalguri,Kalaigaon,,AAROHI CLF,,
Udalguri,Kalaigaon,,ADORONI CLF,,
Udalguri,Kalaigaon,,BRISHTI CLF,,
Udalguri,Kalaigaon,,SHRESTHA CLF,,
Udalguri,Khoirabari,,ANURADHA FEDERATION,,
Udalguri,Khoirabari,,HIRIMBA CLUSTER LEVEL FEDERATION,,
Udalguri,Mazbat,,ASHIRBAD CLF,,
Udalguri,Mazbat,,BASTAB CLF,,
Udalguri,Mazbat,,SANJEEVANI CLF,,
Udalguri,Mazbat,,SUNFLOWER CLUSTER LEVEL FEDERA,,
Udalguri,Rowta,,MILI JULI CLF,,
Udalguri,Rowta,,RASHMI CLF,,
Udalguri,Rowta,,SUNLIGHT CLF,,
Udalguri,Udalguri,,BETHLEHEM CLUSTER LEVEL FEDERATION,,
Udalguri,Udalguri,,JAIKHLONG CLUSTER LEVEL FEDARATION,,
Udalguri,Udalguri,,MOHIYOKHI CLUSTER LEVEL FEDERATION,,
Udalguri,Udalguri,,RUPALI CLUSTER LEVEL FEDERATION,,
West Karbi Anglong,Amri,,CHINGRI CLF,,
West Karbi Anglong,Amri,,WOMEN CLUSTER LEVEL FEDERATION,,
West Karbi Anglong,Chinthong,,KARBI LANGPI,,
West Karbi Anglong,Chinthong,,RONGPHARPI NOKBE,,
West Karbi Anglong,Chinthong,,SERDIHUN CLF,,
West Karbi Anglong,Chinthong,,SOCHENG CLF,,
West Karbi Anglong,Rongkhang,,AMLONG SARPO CLUSTER FEDERATION,,
West Karbi Anglong,Rongkhang,,HAWAIPUR CLF,,
West Karbi Anglong,Rongkhang,,HAWAIPUR CLUSTER LEVEL FEDERATION,,
West Karbi Anglong,Rongkhang,,KAPILI CLUSTER LEVEL FEDERATION,,
West Karbi Anglong,Rongkhang,,KAPILI CLUSTER LEVEL FEDERATION,,
West Karbi Anglong,Rongkhang,,KARBI LANGPI CLUSTER LEVEL FEDERATION,,
West Karbi Anglong,Socheng,,JIRIKINDENG,,
West Karbi Anglong,Socheng,,KILLING,,
